strategy,profile,duration_s,target_rps,total_requests,read_requests,write_requests,throughput_rps,avg_latency_ms,p95_latency_ms,db_reads,db_writes,db_total,cache_hit_rate_pct,write_back_flushes,write_back_flushed_items,errors
cache_aside,read_heavy,30,200,35742,28618,7124,1191.4,6.71,19.32,5943,7124,13067,79.23,0,0,0
cache_aside,balanced,30,200,34856,17401,17455,1161.87,6.88,18.76,8612,17455,26067,50.49,0,0,0
cache_aside,write_heavy,30,200,35123,7018,28105,1170.77,6.83,17.21,5604,28105,33709,20.16,0,0,0
write_through,read_heavy,30,200,34912,27845,7067,1163.73,6.87,19.54,0,7067,7067,100.0,0,0,0
write_through,balanced,30,200,33541,16798,16743,1118.03,7.15,18.89,0,16743,16743,100.0,0,0,0
write_through,write_heavy,30,200,32487,6512,25975,1082.9,7.38,18.32,0,25975,25975,100.0,0,0,0
write_back,read_heavy,30,200,35078,28051,7027,1169.27,6.84,20.45,287,800,1087,98.98,16,800,0
write_back,balanced,30,200,33294,16621,16673,1109.8,7.2,21.03,0,850,850,100.0,17,850,0
write_back,write_heavy,30,200,31145,6241,24904,1038.17,7.69,23.18,0,900,900,100.0,18,900,0
